{
  "__type__": "cc.AnimationClip",
  "_name": "biancheng",
  "_objFlags": 0,
  "_native": "",
  "_duration": 0.3333333333333333,
  "sample": 60,
  "speed": 0.5,
  "wrapMode": 2,
  "curveData": {
    "props": {
      "y": [
        {
          "frame": 0,
          "value": 619.938
        },
        {
          "frame": 0.16666666666666666,
          "value": 441.241
        },
        {
          "frame": 0.3333333333333333,
          "value": 264.096
        }
      ]
    },
    "paths": {
      "New Label": {
        "props": {
          "position": [
            {
              "frame": 0.16666666666666666,
              "value": [
                8.114,
                33.795,
                0
              ]
            }
          ]
        }
      }
    }
  },
  "events": []
}